{
    "0": {
        "average": 78.58666666666667,
        "max": 95.0
    },
    "1": {
        "average": 49.64666666666667,
        "max": 60.0
    },
    "2": {
        "average": 86.86,
        "max": 105.0
    },
    "3": {
        "average": 44.89333333333333,
        "max": 54.0
    },
    "4": {
        "average": 75.44,
        "max": 90.0
    },
    "5": {
        "average": 59.22666666666667,
        "max": 72.0
    },
    "6": {
        "average": 77.57333333333334,
        "max": 93.0
    },
    "7": {
        "average": 74.97333333333333,
        "max": 91.0
    },
    "8": {
        "average": 71.0,
        "max": 119.0
    },
    "9": {
        "average": 37.0,
        "max": 61.0
    },
    "10": {
        "average": 44.24,
        "max": 74.0
    },
    "11": {
        "average": 63.76,
        "max": 106.0
    },
    "12": {
        "average": 75.54666666666667,
        "max": 83.0
    },
    "13": {
        "average": 40.04,
        "max": 44.0
    },
    "14": {
        "average": 86.51333333333334,
        "max": 95.0
    },
    "15": {
        "average": 54.61333333333334,
        "max": 60.0
    },
    "16": {
        "average": 97.40666666666667,
        "max": 107.0
    },
    "17": {
        "average": 62.22,
        "max": 68.0
    }
}