{
    "0": 78.58666666666667,
    "1": 49.64666666666667,
    "2": 86.86,
    "3": 44.89333333333333,
    "4": 75.44,
    "5": 59.22666666666667,
    "6": 77.57333333333334,
    "7": 74.97333333333333,
    "8": 71.0,
    "9": 37.0,
    "10": 44.24,
    "11": 63.76,
    "12": 75.54666666666667,
    "13": 40.04,
    "14": 86.51333333333334,
    "15": 54.61333333333334,
    "16": 97.40666666666667,
    "17": 62.22
}