{
    "0": {
        "average": 340.76190476190476,
        "max": 368.0
    },
    "1": {
        "average": 237.14285714285714,
        "max": 360.0
    },
    "2": {
        "average": 198.57142857142858,
        "max": 300.0
    },
    "3": {
        "average": 164.0,
        "max": 164.0
    }
}