{
    "0": 340.76190476190476,
    "1": 237.14285714285714,
    "2": 198.57142857142858,
    "3": 164.0
}