{
    "0": {
        "average": 75.25196850393701,
        "max": 86.0,
        "range": 34.0,
        "std": 8.572037036763078
    },
    "1": {
        "average": 46.818897637795274,
        "max": 55.0,
        "range": 23.0,
        "std": 5.395269614937555
    },
    "2": {
        "average": 83.1732283464567,
        "max": 95.0,
        "range": 38.0,
        "std": 9.236264104991218
    },
    "3": {
        "average": 43.181102362204726,
        "max": 49.0,
        "range": 19.0,
        "std": 5.043772683149564
    },
    "4": {
        "average": 71.79527559055119,
        "max": 83.0,
        "range": 34.0,
        "std": 8.115639206322534
    },
    "5": {
        "average": 56.37795275590551,
        "max": 65.0,
        "range": 26.0,
        "std": 6.155375518788075
    },
    "6": {
        "average": 74.25196850393701,
        "max": 85.0,
        "range": 34.0,
        "std": 8.572037036763078
    },
    "7": {
        "average": 71.66929133858268,
        "max": 82.0,
        "range": 32.0,
        "std": 7.8480200804303735
    },
    "8": {
        "average": 70.49606299212599,
        "max": 79.0,
        "range": 40.0,
        "std": 10.800899653217163
    },
    "9": {
        "average": 36.74803149606299,
        "max": 41.0,
        "range": 20.0,
        "std": 5.400449826608582
    },
    "10": {
        "average": 43.874015748031496,
        "max": 49.0,
        "range": 25.0,
        "std": 6.550821461963657
    },
    "11": {
        "average": 63.37007874015748,
        "max": 71.0,
        "range": 35.0,
        "std": 9.652875341368743
    },
    "12": {
        "average": 71.4015748031496,
        "max": 83.0,
        "range": 21.0,
        "std": 5.575904068526678
    },
    "13": {
        "average": 38.46456692913386,
        "max": 44.0,
        "range": 11.0,
        "std": 2.998149759068742
    },
    "14": {
        "average": 82.14960629921259,
        "max": 95.0,
        "range": 24.0,
        "std": 6.421026900673515
    },
    "15": {
        "average": 51.61417322834646,
        "max": 60.0,
        "range": 15.0,
        "std": 3.9724389939359823
    },
    "16": {
        "average": 92.89763779527559,
        "max": 107.0,
        "range": 27.0,
        "std": 7.273979778743108
    },
    "17": {
        "average": 59.43307086614173,
        "max": 68.0,
        "range": 16.0,
        "std": 4.28068460044901
    }
}