{
    "0": {
        "average": 345.7142857142857,
        "max": 368.0,
        "range": 16.0,
        "std": 4.28068460044901
    },
    "1": {
        "average": 180.0,
        "max": 180.0,
        "range": 16.0,
        "std": 4.28068460044901
    },
    "2": {
        "average": 184.28571428571428,
        "max": 240.0,
        "range": 16.0,
        "std": 4.28068460044901
    },
    "3": {
        "average": 217.6904761904762,
        "max": 219.0,
        "range": 16.0,
        "std": 4.28068460044901
    }
}